{"cameraMode":{"drawMode":0,"name":"Shaded","section":"Shading Mode"},"sceneLighting":false,"audioPlay":false,"sceneViewState":{"m_AlwaysRefresh":false,"showFog":true,"showSkybox":false,"showFlares":true,"showImageEffects":true,"showParticleSystems":true,"showVisualEffectGraphs":true,"m_FxEnabled":true},"in2DMode":false,"pivot":{"x":0.052416324615478519,"y":-0.3326781392097473,"z":0.951502799987793},"rotation":{"x":-0.3742692768573761,"y":-0.3145802915096283,"z":0.13666929304599763,"w":-0.8615795969963074},"size":2.8305459022521974,"orthographic":false}