{"cameraMode":{"drawMode":0,"name":"Shaded","section":"Shading Mode"},"sceneLighting":true,"audioPlay":false,"sceneViewState":{"m_AlwaysRefresh":false,"showFog":true,"showSkybox":true,"showFlares":true,"showImageEffects":true,"showParticleSystems":true,"showVisualEffectGraphs":true,"m_FxEnabled":true},"in2DMode":false,"pivot":{"x":-2.7604212760925295,"y":-0.37455838918685915,"z":3.0112760066986086},"rotation":{"x":0.16434811055660249,"y":-0.6165116429328919,"z":0.13346362113952638,"w":0.7584689259529114},"size":3.811145067214966,"orthographic":false}